-- SEED: Demo workspace + user per testare subito
-- Password: demo1234
INSERT INTO users (id, email, password_hash, full_name) VALUES
('11111111-0000-0000-0000-000000000001', 'chef@demo.it', '$2b$10$YnKJGm3MeHjAzQWV3FxmhOS96BDxKD2vJe7IxBMRQeEQDKJEW9lAu', 'Chef Davide Demo')
ON CONFLICT (email) DO NOTHING;

INSERT INTO workspaces (id, name, slug, plan) VALUES
('22222222-0000-0000-0000-000000000001', 'Da Mario', 'da-mario', 'elite')
ON CONFLICT (slug) DO NOTHING;

INSERT INTO workspace_users (workspace_id, user_id, role) VALUES
('22222222-0000-0000-0000-000000000001', '11111111-0000-0000-0000-000000000001', 'owner')
ON CONFLICT DO NOTHING;

INSERT INTO locations (id, workspace_id, name, address, city, seats, cuisine_type, target_fc_default) VALUES
('33333333-0000-0000-0000-000000000001', '22222222-0000-0000-0000-000000000001', 'Da Mario - Via Roma', 'Via Roma 42', 'Milano', 60, 'Cucina italiana', 30.00)
ON CONFLICT DO NOTHING;

-- Supplier demo
INSERT INTO suppliers (id, workspace_id, name, contact_name, email) VALUES
('44444444-0000-0000-0000-000000000001', '22222222-0000-0000-0000-000000000001', 'Macelleria Rossi', 'Mario Rossi', 'rossi@macelleria.it'),
('44444444-0000-0000-0000-000000000002', '22222222-0000-0000-0000-000000000001', 'Ortofrutticola Verde', 'Lucia Verde', 'verde@orto.it')
ON CONFLICT DO NOTHING;

-- Categorie ingredienti
INSERT INTO ingredient_categories (id, workspace_id, name, sort_order) VALUES
('55555555-0000-0000-0000-000000000001', '22222222-0000-0000-0000-000000000001', 'Carni', 1),
('55555555-0000-0000-0000-000000000002', '22222222-0000-0000-0000-000000000001', 'Cereali e Pasta', 2),
('55555555-0000-0000-0000-000000000003', '22222222-0000-0000-0000-000000000001', 'Latticini e Uova', 3),
('55555555-0000-0000-0000-000000000004', '22222222-0000-0000-0000-000000000001', 'Pesce e Frutti di mare', 4),
('55555555-0000-0000-0000-000000000005', '22222222-0000-0000-0000-000000000001', 'Funghi e Tartufi', 5),
('55555555-0000-0000-0000-000000000006', '22222222-0000-0000-0000-000000000001', 'Dolci e Pasticceria', 6)
ON CONFLICT DO NOTHING;

-- Ingredienti demo
INSERT INTO ingredients (id, workspace_id, category_id, code, name, purchase_unit, recipe_unit, conversion_factor, waste_pct, yield_pct, primary_supplier_id) VALUES
('66666666-0000-0000-0000-000000000001', '22222222-0000-0000-0000-000000000001', '55555555-0000-0000-0000-000000000002', 'ING-001', 'Riso Carnaroli', 'kg', 'g', 1000, 0, 100, NULL),
('66666666-0000-0000-0000-000000000002', '22222222-0000-0000-0000-000000000001', '55555555-0000-0000-0000-000000000005', 'ING-002', 'Tartufo Nero Fresco', 'g', 'g', 1, 5, 100, NULL),
('66666666-0000-0000-0000-000000000003', '22222222-0000-0000-0000-000000000001', '55555555-0000-0000-0000-000000000001', 'ING-003', 'Fassona Piemontese', 'kg', 'g', 1000, 8, 72, '44444444-0000-0000-0000-000000000001'),
('66666666-0000-0000-0000-000000000004', '22222222-0000-0000-0000-000000000001', '55555555-0000-0000-0000-000000000003', 'ING-004', 'Parmigiano 36 mesi', 'kg', 'g', 1000, 0, 100, NULL),
('66666666-0000-0000-0000-000000000005', '22222222-0000-0000-0000-000000000001', '55555555-0000-0000-0000-000000000003', 'ING-005', 'Burro di Malga', 'kg', 'g', 1000, 0, 100, NULL),
('66666666-0000-0000-0000-000000000006', '22222222-0000-0000-0000-000000000001', '55555555-0000-0000-0000-000000000006', 'ING-006', 'Mascarpone', 'kg', 'g', 1000, 0, 100, NULL),
('66666666-0000-0000-0000-000000000007', '22222222-0000-0000-0000-000000000001', '55555555-0000-0000-0000-000000000006', 'ING-007', 'Savoiardi artigianali', 'kg', 'g', 1000, 0, 100, NULL),
('66666666-0000-0000-0000-000000000008', '22222222-0000-0000-0000-000000000001', '55555555-0000-0000-0000-000000000004', 'ING-008', 'Branzino (500g+)', 'kg', 'g', 1000, 15, 65, NULL)
ON CONFLICT DO NOTHING;

-- Prezzi ingredienti
INSERT INTO ingredient_prices (ingredient_id, price_per_purchase_unit, valid_from) VALUES
('66666666-0000-0000-0000-000000000001', 2.40, '2024-11-01'),
('66666666-0000-0000-0000-000000000002', 4.20, '2024-11-01'),
('66666666-0000-0000-0000-000000000003', 28.00, '2024-11-01'),
('66666666-0000-0000-0000-000000000004', 24.00, '2024-11-01'),
('66666666-0000-0000-0000-000000000005', 12.00, '2024-11-01'),
('66666666-0000-0000-0000-000000000006', 8.50, '2024-11-01'),
('66666666-0000-0000-0000-000000000007', 6.00, '2024-11-01'),
('66666666-0000-0000-0000-000000000008', 12.50, '2024-11-01')
ON CONFLICT DO NOTHING;

-- Categorie ricette
INSERT INTO recipe_categories (id, workspace_id, name, target_fc_pct, sort_order) VALUES
('77777777-0000-0000-0000-000000000001', '22222222-0000-0000-0000-000000000001', 'Antipasti', 25.00, 1),
('77777777-0000-0000-0000-000000000002', '22222222-0000-0000-0000-000000000001', 'Primi', 28.00, 2),
('77777777-0000-0000-0000-000000000003', '22222222-0000-0000-0000-000000000001', 'Secondi', 32.00, 3),
('77777777-0000-0000-0000-000000000004', '22222222-0000-0000-0000-000000000001', 'Dolci', 22.00, 4)
ON CONFLICT DO NOTHING;

-- Ricette demo
INSERT INTO recipes (id, workspace_id, category_id, name, description, yield_portions, prep_time_min, cook_time_min, created_by) VALUES
('88888888-0000-0000-0000-000000000001', '22222222-0000-0000-0000-000000000001', '77777777-0000-0000-0000-000000000002', 'Risotto al Tartufo Nero', 'Riso Carnaroli mantecato con tartufo nero fresco e parmigiano 36 mesi', 1, 5, 22, '11111111-0000-0000-0000-000000000001'),
('88888888-0000-0000-0000-000000000002', '22222222-0000-0000-0000-000000000001', '77777777-0000-0000-0000-000000000003', 'Tagliata di Fassona', 'Fassona piemontese con rucola e grana padano', 1, 5, 10, '11111111-0000-0000-0000-000000000001'),
('88888888-0000-0000-0000-000000000003', '22222222-0000-0000-0000-000000000001', '77777777-0000-0000-0000-000000000004', 'Tiramisù Artigianale', 'Tiramisù con mascarpone fresco e savoiardi artigianali', 6, 20, 0, '11111111-0000-0000-0000-000000000001')
ON CONFLICT DO NOTHING;

-- BOM Risotto al Tartufo
INSERT INTO recipe_items (recipe_id, ingredient_id, quantity, unit, item_type, sort_order) VALUES
('88888888-0000-0000-0000-000000000001', '66666666-0000-0000-0000-000000000001', 90, 'g', 'primary', 1),
('88888888-0000-0000-0000-000000000001', '66666666-0000-0000-0000-000000000002', 8, 'g', 'primary', 2),
('88888888-0000-0000-0000-000000000001', '66666666-0000-0000-0000-000000000004', 20, 'g', 'primary', 3),
('88888888-0000-0000-0000-000000000001', '66666666-0000-0000-0000-000000000005', 15, 'g', 'primary', 4)
ON CONFLICT DO NOTHING;

-- BOM Tagliata
INSERT INTO recipe_items (recipe_id, ingredient_id, quantity, unit, item_type, sort_order) VALUES
('88888888-0000-0000-0000-000000000002', '66666666-0000-0000-0000-000000000003', 250, 'g', 'primary', 1)
ON CONFLICT DO NOTHING;

-- BOM Tiramisù (resa 6 porzioni)
INSERT INTO recipe_items (recipe_id, ingredient_id, quantity, unit, item_type, sort_order) VALUES
('88888888-0000-0000-0000-000000000003', '66666666-0000-0000-0000-000000000006', 500, 'g', 'primary', 1),
('88888888-0000-0000-0000-000000000003', '66666666-0000-0000-0000-000000000007', 200, 'g', 'primary', 2)
ON CONFLICT DO NOTHING;

-- Menu categorie
INSERT INTO menu_categories (id, workspace_id, location_id, name, sort_order, target_fc_pct) VALUES
('99999999-0000-0000-0000-000000000001', '22222222-0000-0000-0000-000000000001', '33333333-0000-0000-0000-000000000001', 'Primi', 1, 28.00),
('99999999-0000-0000-0000-000000000002', '22222222-0000-0000-0000-000000000001', '33333333-0000-0000-0000-000000000001', 'Secondi', 2, 32.00),
('99999999-0000-0000-0000-000000000003', '22222222-0000-0000-0000-000000000001', '33333333-0000-0000-0000-000000000001', 'Dolci', 3, 22.00)
ON CONFLICT DO NOTHING;

-- Menu
INSERT INTO menus (id, workspace_id, location_id, name, is_current) VALUES
('aaaaaaaa-0000-0000-0000-000000000001', '22222222-0000-0000-0000-000000000001', '33333333-0000-0000-0000-000000000001', 'Carta Autunno 2024', true)
ON CONFLICT DO NOTHING;

-- Menu items
INSERT INTO menu_items (id, menu_id, category_id, recipe_id, name, description, price, status) VALUES
('bbbbbbbb-0000-0000-0000-000000000001', 'aaaaaaaa-0000-0000-0000-000000000001', '99999999-0000-0000-0000-000000000001', '88888888-0000-0000-0000-000000000001', 'Risotto al Tartufo Nero', 'Riso Carnaroli, tartufo nero fresco, parmigiano 36 mesi', 24.00, 'active'),
('bbbbbbbb-0000-0000-0000-000000000002', 'aaaaaaaa-0000-0000-0000-000000000001', '99999999-0000-0000-0000-000000000002', '88888888-0000-0000-0000-000000000002', 'Tagliata di Fassona', 'Fassona piemontese, rucola, grana padano', 28.00, 'active'),
('bbbbbbbb-0000-0000-0000-000000000003', 'aaaaaaaa-0000-0000-0000-000000000001', '99999999-0000-0000-0000-000000000003', '88888888-0000-0000-0000-000000000003', 'Tiramisù Artigianale', 'Mascarpone fresco, savoiardi artigianali, caffè espresso', 9.00, 'active')
ON CONFLICT DO NOTHING;

-- Periodo vendite demo (novembre)
INSERT INTO sales_periods (id, workspace_id, location_id, name, period_from, period_to, source, total_covers) VALUES
('cccccccc-0000-0000-0000-000000000001', '22222222-0000-0000-0000-000000000001', '33333333-0000-0000-0000-000000000001', 'Novembre 2024', '2024-11-01', '2024-11-30', 'manual', 847)
ON CONFLICT DO NOTHING;

INSERT INTO sales_lines (sales_period_id, menu_item_id, item_name, qty_sold, unit_price, total_revenue) VALUES
('cccccccc-0000-0000-0000-000000000001', 'bbbbbbbb-0000-0000-0000-000000000001', 'Risotto al Tartufo Nero', 248, 24.00, 5952.00),
('cccccccc-0000-0000-0000-000000000001', 'bbbbbbbb-0000-0000-0000-000000000002', 'Tagliata di Fassona', 187, 28.00, 5236.00),
('cccccccc-0000-0000-0000-000000000001', 'bbbbbbbb-0000-0000-0000-000000000003', 'Tiramisù Artigianale', 151, 9.00, 1359.00)
ON CONFLICT DO NOTHING;
